Dataset_Disclosure,Week_Start_Date,Product_or_Category,Location_or_Channel,Actual_Demand_Tonnes,Historical_Forecast_Tonnes,Price_PKR_per_Tonne,Promo_Flag,Promo_Depth,Event_Flag,Construction_Activity_Index,Monsoon_Flag,Stockout_Flag,Exceptional_Event
"Company-Calibrated Synthetic Dataset for Academic Analysis — illustrative figures, calibrated to Lucky Cement's disclosed scale, not actual company records.",2023-10-09,Ordinary Portland Cement,Illustrative Karachi/Sindh dealer territory,1487,1534,20000,0,0.0,0,96.85,0,0,
"Company-Calibrated Synthetic Dataset for Academic Analysis — illustrative figures, calibrated to Lucky Cement's disclosed scale, not actual company records.",2023-10-16,Ordinary Portland Cement,Illustrative Karachi/Sindh dealer territory,1722,1557,20000,0,0.0,0,100.54,0,0,
"Company-Calibrated Synthetic Dataset for Academic Analysis — illustrative figures, calibrated to Lucky Cement's disclosed scale, not actual company records.",2023-10-23,Ordinary Portland Cement,Illustrative Karachi/Sindh dealer territory,1544,1572,20000,0,0.0,0,94.53,0,0,
"Company-Calibrated Synthetic Dataset for Academic Analysis — illustrative figures, calibrated to Lucky Cement's disclosed scale, not actual company records.",2023-10-30,Ordinary Portland Cement,Illustrative Karachi/Sindh dealer territory,1622,1664,20000,0,0.0,0,103.07,0,0,
"Company-Calibrated Synthetic Dataset for Academic Analysis — illustrative figures, calibrated to Lucky Cement's disclosed scale, not actual company records.",2023-11-06,Ordinary Portland Cement,Illustrative Karachi/Sindh dealer territory,1454,1648,20000,0,0.0,0,99.11,0,0,
"Company-Calibrated Synthetic Dataset for Academic Analysis — illustrative figures, calibrated to Lucky Cement's disclosed scale, not actual company records.",2023-11-13,Ordinary Portland Cement,Illustrative Karachi/Sindh dealer territory,2012,1572,20000,1,5.0,0,97.73,0,0,
"Company-Calibrated Synthetic Dataset for Academic Analysis — illustrative figures, calibrated to Lucky Cement's disclosed scale, not actual company records.",2023-11-20,Ordinary Portland Cement,Illustrative Karachi/Sindh dealer territory,1781,1644,20000,0,0.0,0,106.15,0,0,
"Company-Calibrated Synthetic Dataset for Academic Analysis — illustrative figures, calibrated to Lucky Cement's disclosed scale, not actual company records.",2023-11-27,Ordinary Portland Cement,Illustrative Karachi/Sindh dealer territory,2084,1829,20000,1,3.0,0,109.86,0,0,
"Company-Calibrated Synthetic Dataset for Academic Analysis — illustrative figures, calibrated to Lucky Cement's disclosed scale, not actual company records.",2023-12-04,Ordinary Portland Cement,Illustrative Karachi/Sindh dealer territory,1574,1933,20000,0,0.0,0,104.2,0,0,
"Company-Calibrated Synthetic Dataset for Academic Analysis — illustrative figures, calibrated to Lucky Cement's disclosed scale, not actual company records.",2023-12-11,Ordinary Portland Cement,Illustrative Karachi/Sindh dealer territory,1859,1877,20000,0,0.0,0,103.83,0,0,
"Company-Calibrated Synthetic Dataset for Academic Analysis — illustrative figures, calibrated to Lucky Cement's disclosed scale, not actual company records.",2023-12-18,Ordinary Portland Cement,Illustrative Karachi/Sindh dealer territory,1445,1875,20000,0,0.0,0,97.05,0,0,
"Company-Calibrated Synthetic Dataset for Academic Analysis — illustrative figures, calibrated to Lucky Cement's disclosed scale, not actual company records.",2023-12-25,Ordinary Portland Cement,Illustrative Karachi/Sindh dealer territory,1690,1732,20000,0,0.0,0,105.38,0,0,
"Company-Calibrated Synthetic Dataset for Academic Analysis — illustrative figures, calibrated to Lucky Cement's disclosed scale, not actual company records.",2024-01-01,Ordinary Portland Cement,Illustrative Karachi/Sindh dealer territory,2207,1608,20000,1,5.0,0,109.74,0,0,
"Company-Calibrated Synthetic Dataset for Academic Analysis — illustrative figures, calibrated to Lucky Cement's disclosed scale, not actual company records.",2024-01-08,Ordinary Portland Cement,Illustrative Karachi/Sindh dealer territory,1883,1876,20000,0,0.0,0,109.09,0,0,
"Company-Calibrated Synthetic Dataset for Academic Analysis — illustrative figures, calibrated to Lucky Cement's disclosed scale, not actual company records.",2024-01-15,Ordinary Portland Cement,Illustrative Karachi/Sindh dealer territory,2100,1882,20000,1,5.0,0,104.7,0,0,
"Company-Calibrated Synthetic Dataset for Academic Analysis — illustrative figures, calibrated to Lucky Cement's disclosed scale, not actual company records.",2024-01-22,Ordinary Portland Cement,Illustrative Karachi/Sindh dealer territory,1755,1998,20000,0,0.0,0,106.52,0,0,
"Company-Calibrated Synthetic Dataset for Academic Analysis — illustrative figures, calibrated to Lucky Cement's disclosed scale, not actual company records.",2024-01-29,Ordinary Portland Cement,Illustrative Karachi/Sindh dealer territory,1721,1912,20000,0,0.0,0,106.63,0,0,
"Company-Calibrated Synthetic Dataset for Academic Analysis — illustrative figures, calibrated to Lucky Cement's disclosed scale, not actual company records.",2024-02-05,Ordinary Portland Cement,Illustrative Karachi/Sindh dealer territory,1609,1979,20000,0,0.0,0,102.72,0,0,
"Company-Calibrated Synthetic Dataset for Academic Analysis — illustrative figures, calibrated to Lucky Cement's disclosed scale, not actual company records.",2024-02-12,Ordinary Portland Cement,Illustrative Karachi/Sindh dealer territory,1584,1876,20000,0,0.0,0,104.67,0,0,
"Company-Calibrated Synthetic Dataset for Academic Analysis — illustrative figures, calibrated to Lucky Cement's disclosed scale, not actual company records.",2024-02-19,Ordinary Portland Cement,Illustrative Karachi/Sindh dealer territory,1985,1720,20000,1,4.0,0,109.72,0,0,
"Company-Calibrated Synthetic Dataset for Academic Analysis — illustrative figures, calibrated to Lucky Cement's disclosed scale, not actual company records.",2024-02-26,Ordinary Portland Cement,Illustrative Karachi/Sindh dealer territory,1588,1675,20000,0,0.0,0,103.8,0,0,
"Company-Calibrated Synthetic Dataset for Academic Analysis — illustrative figures, calibrated to Lucky Cement's disclosed scale, not actual company records.",2024-03-04,Ordinary Portland Cement,Illustrative Karachi/Sindh dealer territory,2344,1796,20000,1,3.0,1,103.61,0,0,
"Company-Calibrated Synthetic Dataset for Academic Analysis — illustrative figures, calibrated to Lucky Cement's disclosed scale, not actual company records.",2024-03-11,Ordinary Portland Cement,Illustrative Karachi/Sindh dealer territory,1259,1986,20000,0,0.0,1,106.87,0,1,Transport disruption / stockout
"Company-Calibrated Synthetic Dataset for Academic Analysis — illustrative figures, calibrated to Lucky Cement's disclosed scale, not actual company records.",2024-03-18,Ordinary Portland Cement,Illustrative Karachi/Sindh dealer territory,1299,1906,20000,0,0.0,1,101.5,0,1,Transport disruption / stockout
"Company-Calibrated Synthetic Dataset for Academic Analysis — illustrative figures, calibrated to Lucky Cement's disclosed scale, not actual company records.",2024-03-25,Ordinary Portland Cement,Illustrative Karachi/Sindh dealer territory,1999,1680,20000,0,0.0,1,108.51,0,0,
"Company-Calibrated Synthetic Dataset for Academic Analysis — illustrative figures, calibrated to Lucky Cement's disclosed scale, not actual company records.",2024-04-01,Ordinary Portland Cement,Illustrative Karachi/Sindh dealer territory,1745,1721,20000,0,0.0,1,93.19,0,0,
"Company-Calibrated Synthetic Dataset for Academic Analysis — illustrative figures, calibrated to Lucky Cement's disclosed scale, not actual company records.",2024-04-08,Ordinary Portland Cement,Illustrative Karachi/Sindh dealer territory,1848,1617,20000,0,0.0,1,105.87,0,0,
"Company-Calibrated Synthetic Dataset for Academic Analysis — illustrative figures, calibrated to Lucky Cement's disclosed scale, not actual company records.",2024-04-15,Ordinary Portland Cement,Illustrative Karachi/Sindh dealer territory,1681,1762,20000,0,0.0,1,98.38,0,0,
"Company-Calibrated Synthetic Dataset for Academic Analysis — illustrative figures, calibrated to Lucky Cement's disclosed scale, not actual company records.",2024-04-22,Ordinary Portland Cement,Illustrative Karachi/Sindh dealer territory,1821,1880,20000,0,0.0,1,98.76,0,0,
"Company-Calibrated Synthetic Dataset for Academic Analysis — illustrative figures, calibrated to Lucky Cement's disclosed scale, not actual company records.",2024-04-29,Ordinary Portland Cement,Illustrative Karachi/Sindh dealer territory,1821,1790,20000,0,0.0,1,95.92,0,0,
"Company-Calibrated Synthetic Dataset for Academic Analysis — illustrative figures, calibrated to Lucky Cement's disclosed scale, not actual company records.",2024-05-06,Ordinary Portland Cement,Illustrative Karachi/Sindh dealer territory,2436,1838,20000,1,5.0,1,102.17,0,0,
"Company-Calibrated Synthetic Dataset for Academic Analysis — illustrative figures, calibrated to Lucky Cement's disclosed scale, not actual company records.",2024-05-13,Ordinary Portland Cement,Illustrative Karachi/Sindh dealer territory,1899,2018,20000,0,0.0,1,104.44,0,0,
"Company-Calibrated Synthetic Dataset for Academic Analysis — illustrative figures, calibrated to Lucky Cement's disclosed scale, not actual company records.",2024-05-20,Ordinary Portland Cement,Illustrative Karachi/Sindh dealer territory,2289,2018,20000,1,5.0,1,97.1,0,0,
"Company-Calibrated Synthetic Dataset for Academic Analysis — illustrative figures, calibrated to Lucky Cement's disclosed scale, not actual company records.",2024-05-27,Ordinary Portland Cement,Illustrative Karachi/Sindh dealer territory,1683,2134,20000,0,0.0,1,99.02,0,0,
"Company-Calibrated Synthetic Dataset for Academic Analysis — illustrative figures, calibrated to Lucky Cement's disclosed scale, not actual company records.",2024-06-03,Ordinary Portland Cement,Illustrative Karachi/Sindh dealer territory,1323,2055,20000,0,0.0,1,89.72,0,0,
"Company-Calibrated Synthetic Dataset for Academic Analysis — illustrative figures, calibrated to Lucky Cement's disclosed scale, not actual company records.",2024-06-10,Ordinary Portland Cement,Illustrative Karachi/Sindh dealer territory,1640,1794,21100,0,0.0,1,102.32,0,0,
"Company-Calibrated Synthetic Dataset for Academic Analysis — illustrative figures, calibrated to Lucky Cement's disclosed scale, not actual company records.",2024-06-17,Ordinary Portland Cement,Illustrative Karachi/Sindh dealer territory,2039,1748,21100,0,0.0,1,107.28,0,0,
"Company-Calibrated Synthetic Dataset for Academic Analysis — illustrative figures, calibrated to Lucky Cement's disclosed scale, not actual company records.",2024-06-24,Ordinary Portland Cement,Illustrative Karachi/Sindh dealer territory,1630,1719,21100,0,0.0,1,94.38,0,0,
"Company-Calibrated Synthetic Dataset for Academic Analysis — illustrative figures, calibrated to Lucky Cement's disclosed scale, not actual company records.",2024-07-01,Ordinary Portland Cement,Illustrative Karachi/Sindh dealer territory,1165,1611,21100,0,0.0,0,88.76,1,0,
"Company-Calibrated Synthetic Dataset for Academic Analysis — illustrative figures, calibrated to Lucky Cement's disclosed scale, not actual company records.",2024-07-08,Ordinary Portland Cement,Illustrative Karachi/Sindh dealer territory,1532,1655,21100,1,4.0,0,100.83,1,0,
"Company-Calibrated Synthetic Dataset for Academic Analysis — illustrative figures, calibrated to Lucky Cement's disclosed scale, not actual company records.",2024-07-15,Ordinary Portland Cement,Illustrative Karachi/Sindh dealer territory,1128,1691,21100,0,0.0,0,97.59,1,0,
"Company-Calibrated Synthetic Dataset for Academic Analysis — illustrative figures, calibrated to Lucky Cement's disclosed scale, not actual company records.",2024-07-22,Ordinary Portland Cement,Illustrative Karachi/Sindh dealer territory,1310,1405,21100,1,3.0,0,92.48,1,0,
"Company-Calibrated Synthetic Dataset for Academic Analysis — illustrative figures, calibrated to Lucky Cement's disclosed scale, not actual company records.",2024-07-29,Ordinary Portland Cement,Illustrative Karachi/Sindh dealer territory,1248,1309,21100,0,0.0,0,102.71,1,0,
"Company-Calibrated Synthetic Dataset for Academic Analysis — illustrative figures, calibrated to Lucky Cement's disclosed scale, not actual company records.",2024-08-05,Ordinary Portland Cement,Illustrative Karachi/Sindh dealer territory,1271,1334,21100,0,0.0,0,97.4,1,0,
"Company-Calibrated Synthetic Dataset for Academic Analysis — illustrative figures, calibrated to Lucky Cement's disclosed scale, not actual company records.",2024-08-12,Ordinary Portland Cement,Illustrative Karachi/Sindh dealer territory,1351,1232,21100,0,0.0,0,105.69,1,0,
"Company-Calibrated Synthetic Dataset for Academic Analysis — illustrative figures, calibrated to Lucky Cement's disclosed scale, not actual company records.",2024-08-19,Ordinary Portland Cement,Illustrative Karachi/Sindh dealer territory,1240,1375,21100,0,0.0,0,101.38,1,0,
"Company-Calibrated Synthetic Dataset for Academic Analysis — illustrative figures, calibrated to Lucky Cement's disclosed scale, not actual company records.",2024-08-26,Ordinary Portland Cement,Illustrative Karachi/Sindh dealer territory,1336,1145,21100,0,0.0,0,110.53,1,0,
"Company-Calibrated Synthetic Dataset for Academic Analysis — illustrative figures, calibrated to Lucky Cement's disclosed scale, not actual company records.",2024-09-02,Ordinary Portland Cement,Illustrative Karachi/Sindh dealer territory,1201,1419,21100,0,0.0,0,98.12,1,0,
"Company-Calibrated Synthetic Dataset for Academic Analysis — illustrative figures, calibrated to Lucky Cement's disclosed scale, not actual company records.",2024-09-09,Ordinary Portland Cement,Illustrative Karachi/Sindh dealer territory,1465,1328,21100,1,3.0,0,95.41,1,0,
"Company-Calibrated Synthetic Dataset for Academic Analysis — illustrative figures, calibrated to Lucky Cement's disclosed scale, not actual company records.",2024-09-16,Ordinary Portland Cement,Illustrative Karachi/Sindh dealer territory,1367,1362,21100,1,3.0,0,99.03,1,0,
"Company-Calibrated Synthetic Dataset for Academic Analysis — illustrative figures, calibrated to Lucky Cement's disclosed scale, not actual company records.",2024-09-23,Ordinary Portland Cement,Illustrative Karachi/Sindh dealer territory,1545,1405,21100,1,4.0,0,96.07,1,0,
"Company-Calibrated Synthetic Dataset for Academic Analysis — illustrative figures, calibrated to Lucky Cement's disclosed scale, not actual company records.",2024-09-30,Ordinary Portland Cement,Illustrative Karachi/Sindh dealer territory,1326,1379,21100,0,0.0,0,95.43,1,0,
"Company-Calibrated Synthetic Dataset for Academic Analysis — illustrative figures, calibrated to Lucky Cement's disclosed scale, not actual company records.",2024-10-07,Ordinary Portland Cement,Illustrative Karachi/Sindh dealer territory,1542,1456,21100,0,0.0,0,105.89,0,0,
"Company-Calibrated Synthetic Dataset for Academic Analysis — illustrative figures, calibrated to Lucky Cement's disclosed scale, not actual company records.",2024-10-14,Ordinary Portland Cement,Illustrative Karachi/Sindh dealer territory,1640,1443,21100,0,0.0,0,104.48,0,0,
"Company-Calibrated Synthetic Dataset for Academic Analysis — illustrative figures, calibrated to Lucky Cement's disclosed scale, not actual company records.",2024-10-21,Ordinary Portland Cement,Illustrative Karachi/Sindh dealer territory,1866,1427,21100,0,0.0,0,108.11,0,0,
"Company-Calibrated Synthetic Dataset for Academic Analysis — illustrative figures, calibrated to Lucky Cement's disclosed scale, not actual company records.",2024-10-28,Ordinary Portland Cement,Illustrative Karachi/Sindh dealer territory,1711,1688,21100,1,2.0,0,101.97,0,0,
"Company-Calibrated Synthetic Dataset for Academic Analysis — illustrative figures, calibrated to Lucky Cement's disclosed scale, not actual company records.",2024-11-04,Ordinary Portland Cement,Illustrative Karachi/Sindh dealer territory,1732,1650,21100,0,0.0,0,107.57,0,0,
"Company-Calibrated Synthetic Dataset for Academic Analysis — illustrative figures, calibrated to Lucky Cement's disclosed scale, not actual company records.",2024-11-11,Ordinary Portland Cement,Illustrative Karachi/Sindh dealer territory,1606,1789,21100,0,0.0,0,97.69,0,0,
"Company-Calibrated Synthetic Dataset for Academic Analysis — illustrative figures, calibrated to Lucky Cement's disclosed scale, not actual company records.",2024-11-18,Ordinary Portland Cement,Illustrative Karachi/Sindh dealer territory,1853,1651,21100,0,0.0,0,114.16,0,0,
"Company-Calibrated Synthetic Dataset for Academic Analysis — illustrative figures, calibrated to Lucky Cement's disclosed scale, not actual company records.",2024-11-25,Ordinary Portland Cement,Illustrative Karachi/Sindh dealer territory,1457,1836,21100,0,0.0,0,92.41,0,0,
"Company-Calibrated Synthetic Dataset for Academic Analysis — illustrative figures, calibrated to Lucky Cement's disclosed scale, not actual company records.",2024-12-02,Ordinary Portland Cement,Illustrative Karachi/Sindh dealer territory,1699,1731,21100,0,0.0,0,108.27,0,0,
"Company-Calibrated Synthetic Dataset for Academic Analysis — illustrative figures, calibrated to Lucky Cement's disclosed scale, not actual company records.",2024-12-09,Ordinary Portland Cement,Illustrative Karachi/Sindh dealer territory,1375,1724,21100,0,0.0,0,108.2,0,0,Competitor dealer discount
"Company-Calibrated Synthetic Dataset for Academic Analysis — illustrative figures, calibrated to Lucky Cement's disclosed scale, not actual company records.",2024-12-16,Ordinary Portland Cement,Illustrative Karachi/Sindh dealer territory,1227,1639,21100,0,0.0,0,110.0,0,0,Competitor dealer discount
"Company-Calibrated Synthetic Dataset for Academic Analysis — illustrative figures, calibrated to Lucky Cement's disclosed scale, not actual company records.",2024-12-23,Ordinary Portland Cement,Illustrative Karachi/Sindh dealer territory,1766,1522,21100,0,0.0,0,103.55,0,0,
"Company-Calibrated Synthetic Dataset for Academic Analysis — illustrative figures, calibrated to Lucky Cement's disclosed scale, not actual company records.",2024-12-30,Ordinary Portland Cement,Illustrative Karachi/Sindh dealer territory,1508,1496,21100,0,0.0,0,96.66,0,0,
"Company-Calibrated Synthetic Dataset for Academic Analysis — illustrative figures, calibrated to Lucky Cement's disclosed scale, not actual company records.",2025-01-06,Ordinary Portland Cement,Illustrative Karachi/Sindh dealer territory,1899,1493,21100,0,0.0,0,113.75,0,0,
"Company-Calibrated Synthetic Dataset for Academic Analysis — illustrative figures, calibrated to Lucky Cement's disclosed scale, not actual company records.",2025-01-13,Ordinary Portland Cement,Illustrative Karachi/Sindh dealer territory,1992,1597,21100,1,3.0,0,105.49,0,0,
"Company-Calibrated Synthetic Dataset for Academic Analysis — illustrative figures, calibrated to Lucky Cement's disclosed scale, not actual company records.",2025-01-20,Ordinary Portland Cement,Illustrative Karachi/Sindh dealer territory,1462,1742,21100,0,0.0,0,94.74,0,0,
"Company-Calibrated Synthetic Dataset for Academic Analysis — illustrative figures, calibrated to Lucky Cement's disclosed scale, not actual company records.",2025-01-27,Ordinary Portland Cement,Illustrative Karachi/Sindh dealer territory,1294,1708,21100,1,4.0,0,100.89,0,1,
"Company-Calibrated Synthetic Dataset for Academic Analysis — illustrative figures, calibrated to Lucky Cement's disclosed scale, not actual company records.",2025-02-03,Ordinary Portland Cement,Illustrative Karachi/Sindh dealer territory,1643,1697,21100,0,0.0,0,95.75,0,0,
"Company-Calibrated Synthetic Dataset for Academic Analysis — illustrative figures, calibrated to Lucky Cement's disclosed scale, not actual company records.",2025-02-10,Ordinary Portland Cement,Illustrative Karachi/Sindh dealer territory,1967,1619,21100,1,4.0,0,106.46,0,0,
"Company-Calibrated Synthetic Dataset for Academic Analysis — illustrative figures, calibrated to Lucky Cement's disclosed scale, not actual company records.",2025-02-17,Ordinary Portland Cement,Illustrative Karachi/Sindh dealer territory,1756,1634,21100,0,0.0,0,104.19,0,0,
"Company-Calibrated Synthetic Dataset for Academic Analysis — illustrative figures, calibrated to Lucky Cement's disclosed scale, not actual company records.",2025-02-24,Ordinary Portland Cement,Illustrative Karachi/Sindh dealer territory,1743,1741,21100,0,0.0,0,106.89,0,0,
"Company-Calibrated Synthetic Dataset for Academic Analysis — illustrative figures, calibrated to Lucky Cement's disclosed scale, not actual company records.",2025-03-03,Ordinary Portland Cement,Illustrative Karachi/Sindh dealer territory,1808,1737,21100,0,0.0,1,102.18,0,0,
"Company-Calibrated Synthetic Dataset for Academic Analysis — illustrative figures, calibrated to Lucky Cement's disclosed scale, not actual company records.",2025-03-10,Ordinary Portland Cement,Illustrative Karachi/Sindh dealer territory,1751,1811,21100,0,0.0,1,99.81,0,0,
"Company-Calibrated Synthetic Dataset for Academic Analysis — illustrative figures, calibrated to Lucky Cement's disclosed scale, not actual company records.",2025-03-17,Ordinary Portland Cement,Illustrative Karachi/Sindh dealer territory,2416,1779,21100,1,2.0,1,106.45,0,0,
"Company-Calibrated Synthetic Dataset for Academic Analysis — illustrative figures, calibrated to Lucky Cement's disclosed scale, not actual company records.",2025-03-24,Ordinary Portland Cement,Illustrative Karachi/Sindh dealer territory,1899,2018,21100,0,0.0,1,107.99,0,0,
"Company-Calibrated Synthetic Dataset for Academic Analysis — illustrative figures, calibrated to Lucky Cement's disclosed scale, not actual company records.",2025-03-31,Ordinary Portland Cement,Illustrative Karachi/Sindh dealer territory,1796,1945,21100,0,0.0,1,99.28,0,0,
"Company-Calibrated Synthetic Dataset for Academic Analysis — illustrative figures, calibrated to Lucky Cement's disclosed scale, not actual company records.",2025-04-07,Ordinary Portland Cement,Illustrative Karachi/Sindh dealer territory,1789,2014,21100,0,0.0,1,100.89,0,0,
"Company-Calibrated Synthetic Dataset for Academic Analysis — illustrative figures, calibrated to Lucky Cement's disclosed scale, not actual company records.",2025-04-14,Ordinary Portland Cement,Illustrative Karachi/Sindh dealer territory,1843,1886,22000,0,0.0,1,101.81,0,0,
"Company-Calibrated Synthetic Dataset for Academic Analysis — illustrative figures, calibrated to Lucky Cement's disclosed scale, not actual company records.",2025-04-21,Ordinary Portland Cement,Illustrative Karachi/Sindh dealer territory,2456,1897,22000,1,3.0,1,111.48,0,0,
"Company-Calibrated Synthetic Dataset for Academic Analysis — illustrative figures, calibrated to Lucky Cement's disclosed scale, not actual company records.",2025-04-28,Ordinary Portland Cement,Illustrative Karachi/Sindh dealer territory,1915,2056,22000,0,0.0,1,106.89,0,0,
"Company-Calibrated Synthetic Dataset for Academic Analysis — illustrative figures, calibrated to Lucky Cement's disclosed scale, not actual company records.",2025-05-05,Ordinary Portland Cement,Illustrative Karachi/Sindh dealer territory,1695,2135,22000,0,0.0,1,104.4,0,0,
"Company-Calibrated Synthetic Dataset for Academic Analysis — illustrative figures, calibrated to Lucky Cement's disclosed scale, not actual company records.",2025-05-12,Ordinary Portland Cement,Illustrative Karachi/Sindh dealer territory,2057,2105,22000,1,4.0,1,93.69,0,0,
"Company-Calibrated Synthetic Dataset for Academic Analysis — illustrative figures, calibrated to Lucky Cement's disclosed scale, not actual company records.",2025-05-19,Ordinary Portland Cement,Illustrative Karachi/Sindh dealer territory,1768,2003,22000,0,0.0,1,100.1,0,0,
"Company-Calibrated Synthetic Dataset for Academic Analysis — illustrative figures, calibrated to Lucky Cement's disclosed scale, not actual company records.",2025-05-26,Ordinary Portland Cement,Illustrative Karachi/Sindh dealer territory,2307,1954,22000,1,2.0,1,100.52,0,0,
"Company-Calibrated Synthetic Dataset for Academic Analysis — illustrative figures, calibrated to Lucky Cement's disclosed scale, not actual company records.",2025-06-02,Ordinary Portland Cement,Illustrative Karachi/Sindh dealer territory,1897,2032,22000,0,0.0,1,100.31,0,0,
"Company-Calibrated Synthetic Dataset for Academic Analysis — illustrative figures, calibrated to Lucky Cement's disclosed scale, not actual company records.",2025-06-09,Ordinary Portland Cement,Illustrative Karachi/Sindh dealer territory,1796,2025,22000,0,0.0,1,98.45,0,0,
"Company-Calibrated Synthetic Dataset for Academic Analysis — illustrative figures, calibrated to Lucky Cement's disclosed scale, not actual company records.",2025-06-16,Ordinary Portland Cement,Illustrative Karachi/Sindh dealer territory,1893,1912,22000,0,0.0,1,101.44,0,0,
"Company-Calibrated Synthetic Dataset for Academic Analysis — illustrative figures, calibrated to Lucky Cement's disclosed scale, not actual company records.",2025-06-23,Ordinary Portland Cement,Illustrative Karachi/Sindh dealer territory,2143,2044,22000,1,4.0,1,95.15,0,0,
"Company-Calibrated Synthetic Dataset for Academic Analysis — illustrative figures, calibrated to Lucky Cement's disclosed scale, not actual company records.",2025-06-30,Ordinary Portland Cement,Illustrative Karachi/Sindh dealer territory,1848,1947,22000,0,0.0,1,98.57,0,0,
"Company-Calibrated Synthetic Dataset for Academic Analysis — illustrative figures, calibrated to Lucky Cement's disclosed scale, not actual company records.",2025-07-07,Ordinary Portland Cement,Illustrative Karachi/Sindh dealer territory,1289,2044,22000,0,0.0,0,93.89,1,0,
"Company-Calibrated Synthetic Dataset for Academic Analysis — illustrative figures, calibrated to Lucky Cement's disclosed scale, not actual company records.",2025-07-14,Ordinary Portland Cement,Illustrative Karachi/Sindh dealer territory,1424,1851,22000,0,0.0,0,98.4,1,0,
"Company-Calibrated Synthetic Dataset for Academic Analysis — illustrative figures, calibrated to Lucky Cement's disclosed scale, not actual company records.",2025-07-21,Ordinary Portland Cement,Illustrative Karachi/Sindh dealer territory,1258,1730,22000,0,0.0,0,93.82,1,0,
"Company-Calibrated Synthetic Dataset for Academic Analysis — illustrative figures, calibrated to Lucky Cement's disclosed scale, not actual company records.",2025-07-28,Ordinary Portland Cement,Illustrative Karachi/Sindh dealer territory,1117,1534,22000,0,0.0,0,100.46,1,0,
"Company-Calibrated Synthetic Dataset for Academic Analysis — illustrative figures, calibrated to Lucky Cement's disclosed scale, not actual company records.",2025-08-04,Ordinary Portland Cement,Illustrative Karachi/Sindh dealer territory,1284,1204,22000,0,0.0,0,97.61,1,0,
"Company-Calibrated Synthetic Dataset for Academic Analysis — illustrative figures, calibrated to Lucky Cement's disclosed scale, not actual company records.",2025-08-11,Ordinary Portland Cement,Illustrative Karachi/Sindh dealer territory,1314,1281,22000,0,0.0,0,99.74,1,0,
"Company-Calibrated Synthetic Dataset for Academic Analysis — illustrative figures, calibrated to Lucky Cement's disclosed scale, not actual company records.",2025-08-18,Ordinary Portland Cement,Illustrative Karachi/Sindh dealer territory,1297,1185,22000,0,0.0,0,100.55,1,0,
"Company-Calibrated Synthetic Dataset for Academic Analysis — illustrative figures, calibrated to Lucky Cement's disclosed scale, not actual company records.",2025-08-25,Ordinary Portland Cement,Illustrative Karachi/Sindh dealer territory,1250,1243,22000,0,0.0,0,91.31,1,0,
"Company-Calibrated Synthetic Dataset for Academic Analysis — illustrative figures, calibrated to Lucky Cement's disclosed scale, not actual company records.",2025-09-01,Ordinary Portland Cement,Illustrative Karachi/Sindh dealer territory,1245,1291,22000,0,0.0,0,97.24,1,0,
"Company-Calibrated Synthetic Dataset for Academic Analysis — illustrative figures, calibrated to Lucky Cement's disclosed scale, not actual company records.",2025-09-08,Ordinary Portland Cement,Illustrative Karachi/Sindh dealer territory,1495,1395,22000,1,3.0,0,94.63,1,0,
"Company-Calibrated Synthetic Dataset for Academic Analysis — illustrative figures, calibrated to Lucky Cement's disclosed scale, not actual company records.",2025-09-15,Ordinary Portland Cement,Illustrative Karachi/Sindh dealer territory,1408,1336,22000,0,0.0,0,104.7,1,0,
"Company-Calibrated Synthetic Dataset for Academic Analysis — illustrative figures, calibrated to Lucky Cement's disclosed scale, not actual company records.",2025-09-22,Ordinary Portland Cement,Illustrative Karachi/Sindh dealer territory,1347,1421,22000,0,0.0,0,96.85,1,0,
"Company-Calibrated Synthetic Dataset for Academic Analysis — illustrative figures, calibrated to Lucky Cement's disclosed scale, not actual company records.",2025-09-29,Ordinary Portland Cement,Illustrative Karachi/Sindh dealer territory,1410,1358,22000,0,0.0,0,99.53,1,0,
"Company-Calibrated Synthetic Dataset for Academic Analysis — illustrative figures, calibrated to Lucky Cement's disclosed scale, not actual company records.",2025-10-06,Ordinary Portland Cement,Illustrative Karachi/Sindh dealer territory,1944,1335,22000,1,2.0,0,93.57,0,0,
"Company-Calibrated Synthetic Dataset for Academic Analysis — illustrative figures, calibrated to Lucky Cement's disclosed scale, not actual company records.",2025-10-13,Ordinary Portland Cement,Illustrative Karachi/Sindh dealer territory,2485,1590,22000,1,4.0,0,100.62,0,0,One-off construction order
"Company-Calibrated Synthetic Dataset for Academic Analysis — illustrative figures, calibrated to Lucky Cement's disclosed scale, not actual company records.",2025-10-20,Ordinary Portland Cement,Illustrative Karachi/Sindh dealer territory,1944,1795,22000,1,2.0,0,103.62,0,0,
"Company-Calibrated Synthetic Dataset for Academic Analysis — illustrative figures, calibrated to Lucky Cement's disclosed scale, not actual company records.",2025-10-27,Ordinary Portland Cement,Illustrative Karachi/Sindh dealer territory,1698,2054,22000,0,0.0,0,109.24,0,0,
"Company-Calibrated Synthetic Dataset for Academic Analysis — illustrative figures, calibrated to Lucky Cement's disclosed scale, not actual company records.",2025-11-03,Ordinary Portland Cement,Illustrative Karachi/Sindh dealer territory,1770,2105,22000,0,0.0,0,112.03,0,0,
"Company-Calibrated Synthetic Dataset for Academic Analysis — illustrative figures, calibrated to Lucky Cement's disclosed scale, not actual company records.",2025-11-10,Ordinary Portland Cement,Illustrative Karachi/Sindh dealer territory,1610,2068,22000,0,0.0,0,108.51,0,0,
"Company-Calibrated Synthetic Dataset for Academic Analysis — illustrative figures, calibrated to Lucky Cement's disclosed scale, not actual company records.",2025-11-17,Ordinary Portland Cement,Illustrative Karachi/Sindh dealer territory,1828,1690,22000,0,0.0,0,106.02,0,0,
"Company-Calibrated Synthetic Dataset for Academic Analysis — illustrative figures, calibrated to Lucky Cement's disclosed scale, not actual company records.",2025-11-24,Ordinary Portland Cement,Illustrative Karachi/Sindh dealer territory,1744,1664,22000,0,0.0,0,107.9,0,0,
"Company-Calibrated Synthetic Dataset for Academic Analysis — illustrative figures, calibrated to Lucky Cement's disclosed scale, not actual company records.",2025-12-01,Ordinary Portland Cement,Illustrative Karachi/Sindh dealer territory,1790,1735,22000,0,0.0,0,108.17,0,0,
"Company-Calibrated Synthetic Dataset for Academic Analysis — illustrative figures, calibrated to Lucky Cement's disclosed scale, not actual company records.",2025-12-08,Ordinary Portland Cement,Illustrative Karachi/Sindh dealer territory,1900,1694,22000,1,2.0,0,99.86,0,0,
"Company-Calibrated Synthetic Dataset for Academic Analysis — illustrative figures, calibrated to Lucky Cement's disclosed scale, not actual company records.",2025-12-15,Ordinary Portland Cement,Illustrative Karachi/Sindh dealer territory,2137,1865,22000,1,4.0,0,106.75,0,0,
"Company-Calibrated Synthetic Dataset for Academic Analysis — illustrative figures, calibrated to Lucky Cement's disclosed scale, not actual company records.",2025-12-22,Ordinary Portland Cement,Illustrative Karachi/Sindh dealer territory,2219,1913,22000,1,4.0,0,115.21,0,0,
"Company-Calibrated Synthetic Dataset for Academic Analysis — illustrative figures, calibrated to Lucky Cement's disclosed scale, not actual company records.",2025-12-29,Ordinary Portland Cement,Illustrative Karachi/Sindh dealer territory,1172,2070,22000,0,0.0,0,99.14,0,1,
"Company-Calibrated Synthetic Dataset for Academic Analysis — illustrative figures, calibrated to Lucky Cement's disclosed scale, not actual company records.",2026-01-05,Ordinary Portland Cement,Illustrative Karachi/Sindh dealer territory,1671,1843,22000,0,0.0,0,112.57,0,0,
"Company-Calibrated Synthetic Dataset for Academic Analysis — illustrative figures, calibrated to Lucky Cement's disclosed scale, not actual company records.",2026-01-12,Ordinary Portland Cement,Illustrative Karachi/Sindh dealer territory,1622,1824,22000,0,0.0,0,103.54,0,0,
"Company-Calibrated Synthetic Dataset for Academic Analysis — illustrative figures, calibrated to Lucky Cement's disclosed scale, not actual company records.",2026-01-19,Ordinary Portland Cement,Illustrative Karachi/Sindh dealer territory,1600,1702,22000,0,0.0,0,102.6,0,0,
"Company-Calibrated Synthetic Dataset for Academic Analysis — illustrative figures, calibrated to Lucky Cement's disclosed scale, not actual company records.",2026-01-26,Ordinary Portland Cement,Illustrative Karachi/Sindh dealer territory,1814,1607,22000,0,0.0,0,114.17,0,0,
"Company-Calibrated Synthetic Dataset for Academic Analysis — illustrative figures, calibrated to Lucky Cement's disclosed scale, not actual company records.",2026-02-02,Ordinary Portland Cement,Illustrative Karachi/Sindh dealer territory,1656,1652,22000,0,0.0,0,106.09,0,0,
"Company-Calibrated Synthetic Dataset for Academic Analysis — illustrative figures, calibrated to Lucky Cement's disclosed scale, not actual company records.",2026-02-09,Ordinary Portland Cement,Illustrative Karachi/Sindh dealer territory,1775,1607,22000,0,0.0,0,100.44,0,0,
"Company-Calibrated Synthetic Dataset for Academic Analysis — illustrative figures, calibrated to Lucky Cement's disclosed scale, not actual company records.",2026-02-16,Ordinary Portland Cement,Illustrative Karachi/Sindh dealer territory,1644,1737,22800,0,0.0,0,104.98,0,0,
"Company-Calibrated Synthetic Dataset for Academic Analysis — illustrative figures, calibrated to Lucky Cement's disclosed scale, not actual company records.",2026-02-23,Ordinary Portland Cement,Illustrative Karachi/Sindh dealer territory,1682,1723,22800,0,0.0,0,108.31,0,0,
"Company-Calibrated Synthetic Dataset for Academic Analysis — illustrative figures, calibrated to Lucky Cement's disclosed scale, not actual company records.",2026-03-02,Ordinary Portland Cement,Illustrative Karachi/Sindh dealer territory,2237,1769,22800,1,2.0,1,112.06,0,0,
"Company-Calibrated Synthetic Dataset for Academic Analysis — illustrative figures, calibrated to Lucky Cement's disclosed scale, not actual company records.",2026-03-09,Ordinary Portland Cement,Illustrative Karachi/Sindh dealer territory,1853,1862,22800,0,0.0,1,103.17,0,0,
"Company-Calibrated Synthetic Dataset for Academic Analysis — illustrative figures, calibrated to Lucky Cement's disclosed scale, not actual company records.",2026-03-16,Ordinary Portland Cement,Illustrative Karachi/Sindh dealer territory,1801,1857,22800,0,0.0,1,104.03,0,0,
"Company-Calibrated Synthetic Dataset for Academic Analysis — illustrative figures, calibrated to Lucky Cement's disclosed scale, not actual company records.",2026-03-23,Ordinary Portland Cement,Illustrative Karachi/Sindh dealer territory,1939,1948,22800,0,0.0,1,107.96,0,0,
"Company-Calibrated Synthetic Dataset for Academic Analysis — illustrative figures, calibrated to Lucky Cement's disclosed scale, not actual company records.",2026-03-30,Ordinary Portland Cement,Illustrative Karachi/Sindh dealer territory,1701,2020,22800,0,0.0,1,98.38,0,0,
"Company-Calibrated Synthetic Dataset for Academic Analysis — illustrative figures, calibrated to Lucky Cement's disclosed scale, not actual company records.",2026-04-06,Ordinary Portland Cement,Illustrative Karachi/Sindh dealer territory,1998,1832,22800,0,0.0,1,99.81,0,0,
"Company-Calibrated Synthetic Dataset for Academic Analysis — illustrative figures, calibrated to Lucky Cement's disclosed scale, not actual company records.",2026-04-13,Ordinary Portland Cement,Illustrative Karachi/Sindh dealer territory,2285,1877,22800,1,3.0,1,108.02,0,0,
"Company-Calibrated Synthetic Dataset for Academic Analysis — illustrative figures, calibrated to Lucky Cement's disclosed scale, not actual company records.",2026-04-20,Ordinary Portland Cement,Illustrative Karachi/Sindh dealer territory,2395,1972,22800,1,2.0,1,107.07,0,0,
"Company-Calibrated Synthetic Dataset for Academic Analysis — illustrative figures, calibrated to Lucky Cement's disclosed scale, not actual company records.",2026-04-27,Ordinary Portland Cement,Illustrative Karachi/Sindh dealer territory,2112,2156,22800,0,0.0,1,106.25,0,0,
"Company-Calibrated Synthetic Dataset for Academic Analysis — illustrative figures, calibrated to Lucky Cement's disclosed scale, not actual company records.",2026-05-04,Ordinary Portland Cement,Illustrative Karachi/Sindh dealer territory,2428,2213,22800,1,4.0,1,106.85,0,0,
"Company-Calibrated Synthetic Dataset for Academic Analysis — illustrative figures, calibrated to Lucky Cement's disclosed scale, not actual company records.",2026-05-11,Ordinary Portland Cement,Illustrative Karachi/Sindh dealer territory,1922,2340,22800,0,0.0,1,103.13,0,0,
"Company-Calibrated Synthetic Dataset for Academic Analysis — illustrative figures, calibrated to Lucky Cement's disclosed scale, not actual company records.",2026-05-18,Ordinary Portland Cement,Illustrative Karachi/Sindh dealer territory,1875,2224,22800,0,0.0,1,101.86,0,0,
"Company-Calibrated Synthetic Dataset for Academic Analysis — illustrative figures, calibrated to Lucky Cement's disclosed scale, not actual company records.",2026-05-25,Ordinary Portland Cement,Illustrative Karachi/Sindh dealer territory,2070,2158,22800,0,0.0,1,103.56,0,0,
"Company-Calibrated Synthetic Dataset for Academic Analysis — illustrative figures, calibrated to Lucky Cement's disclosed scale, not actual company records.",2026-06-01,Ordinary Portland Cement,Illustrative Karachi/Sindh dealer territory,2023,2044,22800,0,0.0,1,104.76,0,0,
"Company-Calibrated Synthetic Dataset for Academic Analysis — illustrative figures, calibrated to Lucky Cement's disclosed scale, not actual company records.",2026-06-08,Ordinary Portland Cement,Illustrative Karachi/Sindh dealer territory,1812,2090,22800,0,0.0,1,97.25,0,0,
"Company-Calibrated Synthetic Dataset for Academic Analysis — illustrative figures, calibrated to Lucky Cement's disclosed scale, not actual company records.",2026-06-15,Ordinary Portland Cement,Illustrative Karachi/Sindh dealer territory,2009,1900,22800,0,0.0,1,101.98,0,0,
"Company-Calibrated Synthetic Dataset for Academic Analysis — illustrative figures, calibrated to Lucky Cement's disclosed scale, not actual company records.",2026-06-22,Ordinary Portland Cement,Illustrative Karachi/Sindh dealer territory,1983,1967,22800,0,0.0,1,106.43,0,0,
"Company-Calibrated Synthetic Dataset for Academic Analysis — illustrative figures, calibrated to Lucky Cement's disclosed scale, not actual company records.",2026-06-29,Ordinary Portland Cement,Illustrative Karachi/Sindh dealer territory,1841,2000,22800,0,0.0,1,107.07,0,0,
"Company-Calibrated Synthetic Dataset for Academic Analysis — illustrative figures, calibrated to Lucky Cement's disclosed scale, not actual company records.",2026-07-06,Ordinary Portland Cement,Illustrative Karachi/Sindh dealer territory,1433,1997,22800,0,0.0,0,95.46,1,0,
"Company-Calibrated Synthetic Dataset for Academic Analysis — illustrative figures, calibrated to Lucky Cement's disclosed scale, not actual company records.",2026-07-13,Ordinary Portland Cement,Illustrative Karachi/Sindh dealer territory,1329,1925,22800,0,0.0,0,94.61,1,0,
"Company-Calibrated Synthetic Dataset for Academic Analysis — illustrative figures, calibrated to Lucky Cement's disclosed scale, not actual company records.",2026-07-20,Ordinary Portland Cement,Illustrative Karachi/Sindh dealer territory,1498,1685,22800,0,0.0,0,103.94,1,0,
"Company-Calibrated Synthetic Dataset for Academic Analysis — illustrative figures, calibrated to Lucky Cement's disclosed scale, not actual company records.",2026-07-27,Ordinary Portland Cement,Illustrative Karachi/Sindh dealer territory,1520,1554,22800,1,4.0,0,97.01,1,0,
"Company-Calibrated Synthetic Dataset for Academic Analysis — illustrative figures, calibrated to Lucky Cement's disclosed scale, not actual company records.",2026-08-03,Ordinary Portland Cement,Illustrative Karachi/Sindh dealer territory,1237,1493,22800,0,0.0,0,100.11,1,0,
"Company-Calibrated Synthetic Dataset for Academic Analysis — illustrative figures, calibrated to Lucky Cement's disclosed scale, not actual company records.",2026-08-10,Ordinary Portland Cement,Illustrative Karachi/Sindh dealer territory,1289,1413,22800,0,0.0,0,94.52,1,0,
"Company-Calibrated Synthetic Dataset for Academic Analysis — illustrative figures, calibrated to Lucky Cement's disclosed scale, not actual company records.",2026-08-17,Ordinary Portland Cement,Illustrative Karachi/Sindh dealer territory,1041,1387,22800,0,0.0,0,103.61,1,1,Unexpected dispatch interruption / stockout
"Company-Calibrated Synthetic Dataset for Academic Analysis — illustrative figures, calibrated to Lucky Cement's disclosed scale, not actual company records.",2026-08-24,Ordinary Portland Cement,Illustrative Karachi/Sindh dealer territory,1394,1265,22800,0,0.0,0,105.68,1,0,
"Company-Calibrated Synthetic Dataset for Academic Analysis — illustrative figures, calibrated to Lucky Cement's disclosed scale, not actual company records.",2026-08-31,Ordinary Portland Cement,Illustrative Karachi/Sindh dealer territory,1319,1318,22800,0,0.0,0,102.35,1,0,
"Company-Calibrated Synthetic Dataset for Academic Analysis — illustrative figures, calibrated to Lucky Cement's disclosed scale, not actual company records.",2026-09-07,Ordinary Portland Cement,Illustrative Karachi/Sindh dealer territory,1487,1189,22800,0,0.0,0,105.3,1,0,
"Company-Calibrated Synthetic Dataset for Academic Analysis — illustrative figures, calibrated to Lucky Cement's disclosed scale, not actual company records.",2026-09-14,Ordinary Portland Cement,Illustrative Karachi/Sindh dealer territory,1357,1347,22800,0,0.0,0,101.98,1,0,
"Company-Calibrated Synthetic Dataset for Academic Analysis — illustrative figures, calibrated to Lucky Cement's disclosed scale, not actual company records.",2026-09-21,Ordinary Portland Cement,Illustrative Karachi/Sindh dealer territory,1410,1361,22800,0,0.0,0,111.89,1,0,
"Company-Calibrated Synthetic Dataset for Academic Analysis — illustrative figures, calibrated to Lucky Cement's disclosed scale, not actual company records.",2026-09-28,Ordinary Portland Cement,Illustrative Karachi/Sindh dealer territory,1587,1424,22800,0,0.0,0,99.81,1,0,
